recommendationsVersion,recommendationsName,recommendationsId,shortDescription,lastUpdatedBy,category,status,dmnVersion,updatedDate,priority,type,longDescription,environment
5,MY_ACCOUNT_ACCESS,REC_852452ed-611d-464b-9843-c8d1c798b8b8,Download the My Account App,null null,Account,Archive,295,"12/07/2016,12:40 PM",null,alert,Share this Article with Customer to download My Account App,int
15,Seasonal_Bootfile,REC_10c835a8-8653-4d15-9196-19f02a6d841f,The device has a seasonal bootfile,null null,Services,Archive,306,"12/08/2016,7:33 AM",Medium,alert,A provisioning attempt will be required to correct the issue.,int->soak_g2
1,Feature_Mismatch,REC_2153ca9c-4e24-472e-94b1-3435273149d7,null,null null,Services,Archive,246,"11/30/2016,4:40 PM",null,null,null,int
11,ACCOUNT_SEASONAL,REC_89e993ad-9ed5-4ba5-99eb-d5bd66278c49,Seasonal Suspend,null null,Account,Archive,312,"12/08/2016,8:56 AM",null,-1,Account is in Seasonal Suspend,int->soak_g2->soak_g1
7,HARD_DISCONNECT,REC_8dcdaa44-e987-4de1-9acf-e1ea39f2084d,Non Pay Hard Disconnect,null null,Billing,Active,327,"12/08/2016,10:23 AM",null,alert,Customer is in a non pay hard disconnect.,int->soak_g2->soak_g1
6,No_Alternate_Email_Found,REC_39b2b2b2-b6b2-4339-b062-be4c87e0de6d,Add Alternate Email,null null,Services,Active,330,"12/08/2016,10:33 AM",null,alert,The customer does not have an alternate email on file,int->soak_g2->soak_g1->prd_g1->prd_g2
4,Feature_Mismatch,REC_6b17daf5-831b-470f-8cb7-34c12de6af77,null,null null,Services,Archive,249,"11/30/2016,5:24 PM",null,null,null,int->soak_g2->soak_g1
2,XRE Errors,REC_f1bc2e97-6f42-4629-abfe-2b61cec75118,null,STEVE SEIER,Services,Archive,251,"12/01/2016,10:35 AM",null,null,null,int
3,TICKETING_TEST,REC_8f1f6f59-784c-4380-81c6-18eee1787ff3,This is just a test,null null,Services,Archive,253,"12/01/2016,11:05 AM",Medium,alert,I'm just testing,int
6,Seasonal_Bootfile,REC_6853d2cc-77f2-490f-8ecb-d2683c9e1623,The device has a seasonal bootfile,null null,Services,Archive,254,"12/01/2016,11:35 AM",Medium,alert,A provisioning attempt will be required to correct the issue.,int
8,BALANCE,REC_865176b4-7bca-4e9e-bc8c-3055fa2060e3,Take a Payment,Rabia Arshad,Billing,Archive,231,"12/02/2016,12:34 PM",1,alert,The customer has a current or past due balance,int
2,PORTED_CDV,REC_17751920-59b0-4289-8abc-2cf1e499206a,Ported CDV,null null,Services,Archive,259,"12/02/2016,4:02 PM",1,alert,The customer's TN is inactive and does not have a Comacst SPID,int
6,PORTED_CDV,REC_891c8537-96ef-45fb-aa62-5d48e11fc721,Ported CDV,null null,Services,Archive,264,"12/02/2016,4:30 PM",1,alert,The customer's TN is inactive and does not have a Comacst SPID,int
9,PORTED_CDV,REC_6e12cc4a-4791-47cc-ade4-9ef7cc8d1cc9,Ported CDV,null null,Services,Archive,272,"12/05/2016,9:54 AM",1,alert,The customer's TN is inactive and does not have a Comacst SPID,int
11,BALANCE,REC_8fbee7ec-b1c8-45a3-b7ad-5a5dbd4ee1e7,Take a Payment,null null,Billing,Archive,269,"12/02/2016,6:00 PM",1,alert,The customer has a current or past due balance,int->soak_g2
12,Seasonal_Bootfile,REC_17428b72-58b1-4fd9-bdc7-e31500fd4d2d,The device has a seasonal bootfile,null null,Services,Archive,271,"12/04/2016,9:54 PM",Medium,alert,A provisioning attempt will be required to correct the issue.,int->soak_g2
15,Upgrade_Services,REC_b97aaa57-7d38-489a-b4d6-a78bf8d03e4b,Upgrade Services,Rabia Arshad,Billing,Archive,279,"12/06/2016,10:03 AM",20,alert,Upgrade your existing services to add <Account.ExternalRecommendations.missingLOB>,int
16,Upgrade_Services,REC_49b480ea-d085-4c0f-bb91-4044b0b3d899,Upgrade Services,Rabia Arshad,Billing,Archive,281,"12/06/2016,10:13 AM",20,alert,Upgrade your existing services to add <Account.ExternalRecommendations.missingLOB>,int
17,Upgrade_Services,REC_c4f6398f-bb64-4b6b-bfbe-9b6adcc05c29,Upgrade Services,Rabia Arshad,Billing,Archive,282,"12/06/2016,10:40 AM",20,alert,Upgrade your existing services to add <Account.ExternalRecommendations.missingLOB>,int
18,Upgrade_Services,REC_31af7109-45bf-4bfb-83e2-4f292706f1f0,Upgrade Services,Rabia Arshad,Billing,Archive,285,"12/06/2016,11:18 AM",20,alert,Upgrade your existing services to add <Account.ExternalRecommendations.missingLOB>,int
19,Upgrade_Services,REC_b3a0f8ef-89f3-48ac-a026-67b485a44ec8,Upgrade Services,Rabia Arshad,Billing,Archive,285,"12/06/2016,11:37 AM",20,alert,Upgrade your existing services to add <Account.ExternalRecommendations.missingLOB>,int
20,Upgrade_Services,REC_ff3ffef4-c7eb-4ab1-a7d2-0131bd6c3882,Upgrade Services,Rabia Arshad,Billing,Archive,287,"12/06/2016,12:02 PM",20,alert,Upgrade your existing services to add <Account.ExternalRecommendations.missingLOB>,int
13,Seasonal_Bootfile,REC_31c27916-fec0-40e5-93d7-3bdc441fde44,The device has a seasonal bootfile,null null,Services,Archive,291,"12/06/2016,8:14 PM",Medium,alert,A provisioning attempt will be required to correct the issue.,int->soak_g2
9,ACCOUNT_SEASONAL,REC_c8c2dfa8-7655-4633-a21e-a358ec578d1b,Seasonal Suspend,null null,Account,Archive,201,"12/07/2016,9:54 AM",null,-1,Account is in Seasonal Suspend,int->ci
2,UIControls,REC_476aac6c-2e95-44c5-a777-3c63b23863f8,Ui Contorls,null null,Account,Archive,292,"12/07/2016,10:26 AM",1,alert,To show the UI Controls for Einstien,int->soak_g2
3,UIControls,REC_3461aaeb-1932-4a46-a0cd-50a0b490833e,Ui Contorls,null null,Account,Archive,294,"12/07/2016,12:35 PM",1,alert,To show the UI Controls for Einstien,int->soak_g2
4,UIControls,REC_ab1ff701-6034-4f05-af47-385829798283,Ui Contorls,null null,Account,Active,296,"12/07/2016,1:12 PM",1,alert,To show the UI Controls for Einstien,int->soak_g2
6,MY_ACCOUNT_ACCESS,REC_58f4cd64-15a9-453f-8d6e-94405816178a,Download the My Account App,null null,Account,Archive,301,"12/07/2016,10:03 PM",null,alert,Share this Article with Customer to download My Account App,int->soak_g2
9,MY_ACCOUNT_ACCESS,REC_f05e8810-823f-4009-8911-0ef9afb11abe,Download the My Account App,null null,Account,Archive,308,"12/08/2016,8:04 AM",null,alert,Share this Article with Customer to download My Account App,int->soak_g2
10,MY_ACCOUNT_ACCESS,REC_0ccea33b-b415-4253-bec6-6ab355aa1fa3,Download the My Account App,null null,Account,Archive,310,"12/08/2016,8:51 AM",null,alert,Share this Article with Customer to download My Account App,int->soak_g2->soak_g1
10,ACCOUNT_SEASONAL,REC_48428307-f364-4170-b94a-63cac31a21ce,Seasonal Suspend,null null,Account,Archive,311,"12/08/2016,8:54 AM",null,-1,Account is in Seasonal Suspend,int
21,Upgrade_Services,REC_8a1382eb-e5b1-4e82-bebf-ce9424d1f7e2,Upgrade Services,null null,Billing,Archive,287,"12/08/2016,9:05 AM",20,alert,Upgrade your existing services to add <Account.ExternalRecommendations.missingLOB>,int
5,NOT_SIK_ELIGIBLE,REC_aebf3367-aac7-4f32-a33c-35fb59192d3f,The account is not SIK Eligbile,null null,Account,Archive,315,"12/08/2016,9:08 AM",null,null,null,int->soak_g2->soak_g1
5,DEVICE_WALLEDGARDEN,REC_bd3e5144-2f2c-4728-b23a-387da21e0bc0,The device is in Walled Garden,null null,Services,Archive,317,"12/08/2016,9:16 AM",Medium,alert,A provisioning attempt will be required to correct this issue.,int->soak_g2->soak_g1
12,ACCOUNT_SEASONAL,REC_856a429b-ff2b-4873-886a-d54e109a3635,Seasonal Suspend,null null,Account,Archive,320,"12/08/2016,9:49 AM",null,-1,Account is in Seasonal Suspend,int->soak_g2->soak_g1
13,ACCOUNT_SEASONAL,REC_e02c2158-40ad-4c2f-b838-d2316fa51da1,Seasonal Suspend,null null,Account,Archive,320,"12/08/2016,9:53 AM",null,-1,Account is in Seasonal Suspend,int->soak_g2->soak_g1
13,PORTED_CDV,REC_51c7929f-bcdc-49c3-8f27-f08a55a0e8d6,Ported CDV,null null,Services,Archive,278,"12/08/2016,11:05 AM",1,alert,The customer's TN is inactive and does not have a Comacst SPID,int->soak_g2->soak_g1
14,PORTED_CDV,REC_4a6f0de9-624d-4024-9dba-1773391614e0,Ported CDV,null null,Services,Archive,340,"12/08/2016,12:47 PM",1,alert,The customer's TN is inactive and does not have a Comacst SPID,int->soak_g2->soak_g1
14,ACCOUNT_SEASONAL,REC_c1948d30-0efc-4c11-9e18-147b3ea8ab66,Seasonal Suspend,null null,Account,Active,320,"12/08/2016,4:30 PM",null,-1,Account is in Seasonal Suspend,int->soak_g2->soak_g1
12,MY_ACCOUNT_ACCESS,REC_d2a77e6a-148d-481c-85df-87641087b36f,Download the My Account App,null null,Account,Active,344,"12/09/2016,10:57 AM",null,alert,Share this Article with Customer to download My Account App,int->soak_g2->soak_g1->prd_g1->prd_g2
Draft,Testing_defect,REC_3f7bcf04-0578-42ca-aa70-521149b872d3,Testing,Rabia Arshad,Services,Draft,Draft,"12/21/2016,2:19 PM",97,alert,Testing a defect,int
1,OZ - Impaired,REC_924bcb9b-4467-4d8c-89b1-cdc8e3627b39,null,null null,Services,Archive,349,"12/09/2016,4:35 PM",null,null,null,int
2,OZ - Impaired,REC_4e2af5ae-59a0-424e-87fa-e6deb8d4f8f1,null,null null,Services,Archive,350,"12/09/2016,5:05 PM",null,null,null,int->soak_g2
2,TestIntRecom,REC_d196e659-baf7-40b8-979b-b49811e195f8,null,Archana null,Services,Archive,363,"12/14/2016,7:20 PM",null,null,null,int
3,TestIntRecom,REC_d0544924-331b-4f40-a194-3aae65356c52,null,Archana null,Services,Active,364,"12/14/2016,7:27 PM",null,null,null,int
Draft,TestIntRecom,REC_f7bc7e47-bee5-46ee-9af3-b5e9d833c96a,null,Archana null,Services,Draft,Draft,"12/14/2016,7:33 PM",null,null,null,int
7,NOT_SIK_ELIGIBLE,REC_640a6c24-dcd5-4b67-9aa9-85440ded54b3,The account is not SIK Eligbile,null null,Account,Archive,365,"12/14/2016,9:19 AM",null,null,null,int->soak_g2->soak_g1->prd_g1->prd_g2
20,Seasonal_Bootfile,REC_2f6c5135-d98e-41a7-87ac-42690fe0a0ed,Device in Non Active Bootfile,null null,Services,Archive,390,"12/20/2016,11:47 AM",5,alert,Click to resolve the customer's Walled Garden/CDV Only/Seasonal Bootfile.,int
21,Seasonal_Bootfile,REC_987597de-0a05-45ef-8b47-86968621a433,Device in Non Active Bootfile,null null,Services,Active,390,"12/28/2016,5:45 PM",5,alert,Click to resolve the customer's Walled Garden/CDV Only/Seasonal Bootfile.,int->soak_g2->soak_g1
17,BOOTFILE_PRODUCT_MISMATCH,REC_d975de39-0bb1-43ca-9ee7-67f332082169,Device in Non Active Bootfile,null null,Services,Archive,410,"12/30/2016,9:38 AM",6,alert,Click to resolve the customer's Walled Garden/CDV Only/Seasonal Bootfile.,int
1,createRecomTest,REC_f40718f2-b9df-4dc6-b9a3-3214fee243b4,null,null null,Sales,Active,367,"12/14/2016,4:28 PM",null,null,null,int
1,CreateRecomTest,REC_3492755a-cdb8-4384-a145-c9bff65a4a67,null,Rabia Arshad,Sales,Active,366,"12/14/2016,3:35 PM",null,null,null,int
13,BOOTFILE_PRODUCT_MISMATCH,REC_24afae65-4179-40d9-b29f-21467830e837,Bootfile Product Mismatch,null null,Services,Archive,229,"12/14/2016,4:04 PM",null,alert,<Equipments.Equipment.CmInfo.bootFile> <Equipments.Equipment.CmInfo.regState>,int
1,ModemHealthScore,REC_99c3c12f-d7d2-464b-8bcd-01ec33dae3c7,null,null null,Services,Active,368,"12/14/2016,5:22 PM",null,null,null,int
Draft,Newversionrecommendation,REC_d8bf7515-582e-42e7-a9f1-43f7f74acf9a,<HeadEnd.headEndId>,null null,Sales,Draft,Draft,"12/15/2016,4:14 PM",44,callContext,<Location.tapstatus>,int
Draft,regressiontesting,REC_6993e5f2-0808-4762-b93b-1283728f9ab9,regressiononshore,Sujith Reddy,Account,Draft,Draft,"12/15/2016,11:25 AM",null,null,regression testing onshore,int
7,Feature_Mismatch,REC_d018d1cf-624c-4ed8-aabf-79b0dc8e790c,Feature Mismatch,null null,Services,Archive,369,"12/15/2016,2:52 PM",9,alert,Features were found in the biller but not in the switch,int
9,OZ - Impaired,REC_d5ced0e7-f0b1-4abb-b848-b2b975efce51,null,null null,Services,Archive,374,"12/16/2016,10:53 AM",null,null,null,int
6,DEVICE_WALLEDGARDEN,REC_8b118b3c-5d2e-49b5-80ea-9437aaaf25e2,Device in Non Active Bootfile,null null,Services,Archive,381,"12/18/2016,9:22 PM",4,alert,Click to resolve the customer's Walled Garden/CDV Only/Seasonal Bootfile.,int->soak_g2
12,Feature_Mismatch,REC_52d7e8ff-643d-42b5-9f8e-bb544c750e94,Feature Mismatch,null null,Services,Archive,383,"12/19/2016,7:04 AM",9,alert,Features were found in the biller but not in the switch,int
11,OZ - Impaired,REC_6af15b98-dad0-4ba4-9683-547c71c6a2e6,null,null null,Services,Archive,375,"12/19/2016,10:15 AM",null,null,null,int->soak_g2
4,Sensor_Low_Battery,REC_7c0615ff-7f01-4f11-a1a2-7af4a47eabdb,Sensor Low Battery,null null,Services,Archive,388,"12/20/2016,10:24 AM",10,alert,An XH Door or WIndow sensor has a low battery,int
8,NOT_SIK_ELIGIBLE,REC_dc975b66-c3bf-4a47-a6ea-40223a5abc21,The account is not SIK Eligbile,null null,Account,Active,365,"12/20/2016,2:34 PM",null,null,null,int
Draft,UI 360 Demo Doc,REC_4f14b888-53c9-477e-a6b2-3d06a713125e,UI 360 Demo Documentation,STEVE SEIER,Billing,Draft,Draft,"12/21/2016,1:23 PM",5,alert,<Account.RateCodes>,int
2,MY_ACCOUNT_ACCESS,REC_e541760d-68fb-4cb4-8f39-37889230ce0b,Download the My Account App,null null,Account,InActive,183,"10/19/2016,6:55 AM",null,alert,Share this Article with Customer to download My Account App,int->ci
2,No_Alternate_Contact_TN_Found_for_Account,REC_296047f2-3170-4a05-9e2d-fe153d8db678,Add Mobile Number,null null,Account,InActive,183,"10/19/2016,6:13 AM",null,alert,The customer does not have a mobile number on file,int->soak_g2->soak_g1
2,NO_PIN,REC_ac523e89-c724-4cb8-97f2-e07f2496b389,Create Account Pin,null null,Account,InActive,183,"10/19/2016,8:19 AM",null,alert,Creating an Account PIN increases the security of the account,int->soak_g2->soak_g1
2,BALANCE,REC_b60cd86e-7cd0-4c80-abc9-e02f2b0c9332,Take a Payment,null null,Billing,InActive,183,"10/19/2016,8:54 AM",null,alert,The customer has a current or past due balanceke a Payment,int->soak_g2->soak_g1
2,NOT_ENROLLED_IN_AUTOPAY,REC_2ed6f985-bbf9-4ade-8795-6aeb567a1943,Enroll In AutoPay,null null,Billing,InActive,183,"10/19/2016,8:13 AM",null,alert,The customer is not currently enrolled in Auto Pay,int->soak_g2->soak_g1
2,No_Alternate_Email_Found,REC_e8f20030-6329-4637-9392-e3e7ef3d9d0c,Add Alternate Email,null null,Services,InActive,183,"10/18/2016,11:46 PM",null,alert,The customer does not have an alternate email on file,int->soak_g2->soak_g1
2,MISC_EVENTS,REC_8186cd56-aa22-4cd4-a40f-c63ffbfdbda5,Misc Events,null null,Services,Active,183,"10/19/2016,9:07 AM",null,alert,null,ci->int
2,OffshoreINTRegression,REC_f394bb13-3019-4868-8601-2699d4682762,null,null null,Account,Archive,239,"11/30/2016,4:00 PM",null,null,null,int
3,OffshoreINTRegression,REC_6424fd64-c7bf-4ec0-8967-d9bfeaa2cf2b,null,null null,Account,Active,240,"11/30/2016,4:06 PM",null,null,null,int
1,Dashboard_QATest,REC_f368d5c8-07db-4ac5-a4a8-d81544ee7b41,Dashboard Testing,Rabia Arshad,Billing,Active,245,"11/30/2016,4:38 PM",95,alert,Testing one day recommendation,int->soak_g2
2,Feature_Mismatch,REC_12760c81-5309-44e4-a11c-e585d2738fc1,null,null null,Services,Archive,247,"11/30/2016,4:47 PM",null,null,null,int
3,Feature_Mismatch,REC_31c709d3-c1b3-4ff5-9123-ace03369e41b,null,null null,Services,Archive,248,"11/30/2016,4:49 PM",null,null,null,int
3,PORTED_CDV,REC_532a4ff3-9cce-49dd-9ad9-19f92d3f8a87,Ported CDV,null null,Services,Archive,260,"12/02/2016,4:17 PM",1,alert,The customer's TN is inactive and does not have a Comacst SPID,int
7,PORTED_CDV,REC_33706c0c-63cf-4428-8632-0ccb3268efce,Ported CDV,null null,Services,Archive,265,"12/02/2016,4:34 PM",1,alert,The customer's TN is inactive and does not have a Comacst SPID,int
8,PORTED_CDV,REC_871ae72b-5ef5-487e-8ac5-f8a0c0506ebb,Ported CDV,null null,Services,Archive,266,"12/02/2016,4:48 PM",1,alert,The customer's TN is inactive and does not have a Comacst SPID,int->soak_g2
10,BALANCE,REC_6a80127f-0c89-4504-83ef-a09d7a551e34,Take a Payment,null null,Billing,Archive,267,"12/02/2016,5:01 PM",1,alert,The customer has a current or past due balance,int->soak_g2
10,PORTED_CDV,REC_3c01d26e-62c8-461b-a63e-3f7f414e8f30,Ported CDV,null null,Services,Archive,273,"12/05/2016,10:01 AM",1,alert,The customer's TN is inactive and does not have a Comacst SPID,int
4,XRE Errors,REC_b2a4a679-a347-4789-9938-25264f8956b6,null,null null,Services,Archive,276,"12/05/2016,11:05 AM",null,null,null,int->soak_g2
11,PORTED_CDV,REC_309c76bd-aa22-4d50-9c6f-2dfe660a9992,Ported CDV,Rabia Arshad,Services,Archive,278,"12/05/2016,3:03 PM",1,alert,The customer's TN is inactive and does not have a Comacst SPID,int
12,PORTED_CDV,REC_31f07ede-09c1-4727-8d82-2b14ac991bc7,Ported CDV,Rabia Arshad,Services,Archive,278,"12/05/2016,3:11 PM",1,alert,The customer's TN is inactive and does not have a Comacst SPID,int
1,LOB_Mismatch,REC_2fe47ad6-6e57-4676-ba68-1ee0d3cdc86a,LOB Mismatch,Rabia Arshad,Services,Active,290,"12/06/2016,1:18 PM",92,alert,<Equipments.Equipment.CmInfo.bootFile> <Equipments.Equipment.CmInfo.regState>,int->soak_g2
5,XRE Errors,REC_fe6b516a-be3b-4c79-87cb-537d4ca7e446,null,null null,Services,Archive,276,"12/06/2016,9:07 PM",null,null,null,int->ci
7,MY_ACCOUNT_ACCESS,REC_63cc749c-225e-49e0-a8d7-962c0e89f845,Download the My Account App,null null,Account,Archive,302,"12/08/2016,7:03 AM",null,alert,Share this Article with Customer to download My Account App,int->ci
6,XRE Errors,REC_7f8057f4-54f7-45a6-b0c3-4e9649667feb,null,null null,Services,Archive,303,"12/08/2016,7:06 AM",null,null,null,int->ci
14,Seasonal_Bootfile,REC_e7f01f4b-1642-46f3-95dc-89e1ab616572,The device has a seasonal bootfile,null null,Services,Archive,304,"12/08/2016,7:09 AM",Medium,alert,A provisioning attempt will be required to correct the issue.,int->ci
8,MY_ACCOUNT_ACCESS,REC_9ff8b62a-f08b-4e70-82bf-2836371d89e2,Download the My Account App,null null,Account,Archive,305,"12/08/2016,7:31 AM",null,alert,Share this Article with Customer to download My Account App,int->soak_g2
7,XRE Errors,REC_165bfd3e-2655-4399-9231-103fc06a7f1c,null,null null,Services,Archive,307,"12/08/2016,7:38 AM",null,null,null,int->soak_g2
10,No_Alternate_Contact_TN_Found_for_Account,REC_c3df4040-9543-45aa-b63d-cad745f99c81,Add Mobile Number,null null,Account,Archive,313,"12/08/2016,8:58 AM",12,alert,The customer does not have a mobile number on file,int->soak_g2->soak_g1
4,NO_PIN,REC_b8a98d47-0722-41e8-9d5e-238fa6bf19e9,Create Account Pin,null null,Account,Archive,314,"12/08/2016,9:01 AM",null,alert,Creating an Account PIN increases the security of the account,int->soak_g2->soak_g1
16,Seasonal_Bootfile,REC_da1f7e22-50e4-4348-81c5-9226af9a8cf6,The device has a seasonal bootfile,null null,Services,Archive,318,"12/08/2016,9:27 AM",Medium,alert,A provisioning attempt will be required to correct the issue.,int->soak_g2->soak_g1
5,NO_PIN,REC_c42184ab-8096-4e3f-b71c-681be39d8864,Create Account Pin,null null,Account,Archive,314,"12/08/2016,9:55 AM",null,alert,Creating an Account PIN increases the security of the account,int->soak_g2->soak_g1->prd_g1
11,No_Alternate_Contact_TN_Found_for_Account,REC_89ddd5fd-25a7-4e25-a01d-ed39cfdb87b3,Add Mobile Number,null null,Account,Archive,321,"12/08/2016,9:59 AM",12,alert,The customer does not have a mobile number on file,int->soak_g2->soak_g1
12,No_Alternate_Contact_TN_Found_for_Account,REC_64b3d467-4c46-459b-ba0f-1c5b03305b83,Add Mobile Number,null null,Account,Active,322,"12/08/2016,10:02 AM",12,alert,The customer does not have a mobile number on file,int->soak_g2->soak_g1->prd_g1->prd_g2
11,MY_ACCOUNT_ACCESS,REC_1b0e2384-808d-49d5-8360-8204f95863dc,Download the My Account App,null null,Account,Archive,323,"12/08/2016,10:06 AM",null,alert,Share this Article with Customer to download My Account App,int->soak_g2->soak_g1
4,NOT_ENROLLED_IN_AUTOPAY,REC_c4fae989-7bdc-42dd-ab08-13d090214673,Enroll In AutoPay,null null,Billing,Archive,326,"12/08/2016,10:18 AM",null,alert,The customer is not currently enrolled in Auto Pay,int->soak_g2->soak_g1->prd_g1
6,NOT_SIK_ELIGIBLE,REC_f0736d21-ae6d-48ac-bdb6-542b58d134e9,The account is not SIK Eligbile,null null,Account,Archive,328,"12/08/2016,10:27 AM",null,null,null,int->soak_g2->soak_g1
5,No_Alternate_Email_Found,REC_f6484f98-b54a-4bf7-b5bc-aad3ce439de5,Add Alternate Email,null null,Services,Archive,329,"12/08/2016,10:31 AM",null,alert,The customer does not have an alternate email on file,int
4,TICKETING_TEST,REC_584ca284-5baf-4d3c-9ccd-dc29ceb02ec1,This is just a test,null null,Services,Archive,331,"12/08/2016,10:36 AM",Medium,alert,I'm just testing,int->soak_g2->soak_g1
5,TICKETING_TEST,REC_3479a94d-dbd5-4435-ae6e-175ab8ae309c,This is just a test,null null,Services,Active,332,"12/08/2016,10:39 AM",Medium,alert,I'm just testing,int->soak_g2->soak_g1
8,XRE Errors,REC_3df63544-2cb2-4106-95ce-db28f9f8739d,null,null null,Services,Active,333,"12/08/2016,10:59 AM",null,null,null,int->soak_g2->soak_g1
22,Upgrade_Services,REC_493db80e-7eec-4d79-9488-76dbc3000e28,Upgrade Services,null null,Billing,Archive,336,"12/08/2016,11:27 AM",20,alert,Upgrade your existing services to add <Account.ExternalRecommendations.missingLOB>,int->soak_g2->soak_g1
23,Upgrade_Services,REC_f194a3b1-cd0d-4681-b972-5a6835230911,Upgrade Services,null null,Billing,Archive,337,"12/08/2016,11:35 AM",20,alert,Upgrade your existing services to add <Account.ExternalRecommendations.missingLOB>,int->soak_g2->soak_g1
5,Feature_Mismatch,REC_f5063aa2-0c2e-41d2-8aa8-f439635ab975,null,null null,Services,Archive,338,"12/08/2016,12:32 PM",null,null,null,int->soak_g2->soak_g1
5,NO_USERNAME,REC_8f1e9615-47a6-4fbb-9c37-1b96e3ca794f,Create Primary User Id,null null,Services,Active,339,"12/08/2016,12:42 PM",null,alert,The customer doesn't currently have a Primary User ID,int->soak_g2->soak_g1->prd_g1->prd_g2
1,SOFT_DISCONNECT,REC_945884f0-d5af-4620-8a36-8bf7a54bb098,Non Pay Soft Disconnect,null null,Billing,Archive,342,"12/08/2016,4:39 PM",1,alert,Click to resolve the customer's Non Pay Soft Disconnect.,int->soak_g2->soak_g1
2,SOFT_DISCONNECT,REC_e768a2f6-288b-48df-8665-45afef4107af,Non Pay Soft Disconnect,null null,Billing,Active,343,"12/08/2016,5:00 PM",1,alert,Click to resolve the customer's Non Pay Soft Disconnect.,int->soak_g2->soak_g1
1,testregression,REC_90125859-82f7-4208-98d9-a1b9bcae8e02,null,Tester Offshore,Sales,Active,352,"12/12/2016,11:19 AM",null,null,null,int
3,OZ - Impaired,REC_8445a6c9-6553-4037-975a-a6d68ae7c048,null,null null,Services,Archive,353,"12/12/2016,10:08 AM",null,null,null,int
5,NOT_ENROLLED_IN_AUTOPAY,REC_06fdccd0-b76a-4df7-8aea-82d06572592a,Enroll In AutoPay,null null,Billing,Active,326,"12/12/2016,1:42 PM",null,alert,The customer is not currently enrolled in Auto Pay,int->soak_g2->soak_g1->prd_g1->prd_g2
6,NO_PIN,REC_669426ab-3888-44c4-aa6c-8ba18c3e7cc9,Create Account Pin,null null,Account,Active,354,"12/12/2016,1:48 PM",null,alert,Creating an Account PIN increases the security of the account,int->soak_g2->soak_g1->prd_g1->prd_g2
5,OUTAGES_EXIST,REC_23ace2fc-bacc-4b1b-85d7-a99876b804a1,Outages Detected,null null,Services,Active,355,"12/12/2016,1:51 PM",null,alert,Outages have been detected that may be impacting the customer's services.,int->soak_g2->soak_g1->prd_g1->prd_g2
4,OZ - Impaired,REC_507aab24-e0ce-4cf5-b9d5-79779edc8f88,null,null null,Services,Archive,356,"12/12/2016,2:23 PM",null,null,null,int
5,OZ - Impaired,REC_f9dfd202-01b5-48ca-9146-73d15816dd29,null,null null,Services,Archive,357,"12/12/2016,2:29 PM",null,null,null,int
6,OZ - Impaired,REC_af389f0a-c63c-45a3-b8e0-b8c1dc583fef,null,null null,Services,Archive,358,"12/12/2016,3:03 PM",null,null,null,int
7,OZ - Impaired,REC_4ee31add-a1a7-4a2e-b60d-0dab2e023fb1,null,null null,Services,Archive,359,"12/12/2016,4:31 PM",null,null,null,int
10,OZ - Impaired,REC_56aff749-b6c6-405d-874b-e106b36c4f03,null,null null,Services,Archive,375,"12/16/2016,3:07 PM",null,null,null,int
16,PORTED_CDV,REC_f9e558ef-d795-41a0-a8ed-c6bbef350fba,There is a problem with the customer's Ported Number.,null null,Services,Archive,377,"12/17/2016,2:32 PM",7,alert,The customer's TN is inactive and does not have a Comacst SPID,int
17,PORTED_CDV,REC_e46bb031-27bb-484d-a1c0-7943f272a070,There is a problem with the customer's Ported Number.,null null,Services,Archive,377,"12/17/2016,2:59 PM",7,alert,The customer's TN is inactive and does not have a Comacst SPID,int
11,Feature_Mismatch,REC_303895ac-8309-42d9-aecf-cdf5c642521a,Feature Mismatch,null null,Services,Archive,373,"12/17/2016,3:11 PM",9,alert,Features were found in the biller but not in the switch,int
18,PORTED_CDV,REC_dd3bd486-4867-4fd7-8054-972c80440cb1,There is a problem with the customer's Ported Number.,null null,Services,Archive,378,"12/17/2016,3:42 PM",7,alert,The customer's TN is inactive and does not have a Comacst SPID,int
19,Seasonal_Bootfile,REC_1b0c2e02-05da-4bcd-a26a-7870bc802c99,Device has Seasonal Bootfile,null null,Services,Archive,382,"12/18/2016,9:29 PM",Medium,alert,Click to resolve the customer's Seasonal Bootfile.,int
1,Sensor_Low_Battery,REC_84a67498-5b2c-4ce5-8249-b90ae7a5b3b3,Sensor Low Battery,null null,Services,Archive,385,"12/19/2016,1:11 PM",10,alert,An XH Door or WIndow sensor has a low battery,int
3,Sensor_Low_Battery,REC_9f35ab3c-638f-47b5-8f38-a127a9edf570,Sensor Low Battery,null null,Services,Archive,387,"12/19/2016,3:08 PM",10,alert,An XH Door or WIndow sensor has a low battery,int
15,BOOTFILE_PRODUCT_MISMATCH,REC_27e4e1d8-e5b9-400f-9806-3f58c46441f9,Device in Non Active Bootfile,null null,Services,Archive,391,"12/20/2016,11:51 AM",6,alert,Click to resolve the customer's Walled Garden/CDV Only/Seasonal Bootfile.,int
2,AnyTrue_Flag,REC_dfc36aa0-a08c-44e4-b2c6-da3e603ac78c,Any True Test,Rabia Arshad,Billing,Active,398,"12/23/2016,2:52 PM",33,alert,Any True Flag Testing,int
8,DEVICE_WALLEDGARDEN,REC_6f9f7e84-33d2-41ad-a5e4-2ce5f49ffc1c,Device in Non Active Bootfile,null null,Services,Active,409,"12/28/2016,5:40 PM",4,alert,Click to resolve the customer's Walled Garden/CDV Only/Seasonal Bootfile.,int->soak_g2->soak_g1
16,BOOTFILE_PRODUCT_MISMATCH,REC_4c3e16e4-074a-4590-9193-e54e29821130,Device in Non Active Bootfile,null null,Services,Archive,410,"12/28/2016,5:48 PM",6,alert,Click to resolve the customer's Walled Garden/CDV Only/Seasonal Bootfile.,int
3,XRE Errors,REC_5edc8724-636e-4f13-9f99-0dd7837b7102,null,null null,Services,Archive,252,"12/01/2016,10:46 AM",null,null,null,int->soak_g2
9,Seasonal_Bootfile,REC_46bb0143-6be5-4a7f-a8ee-ca2dfe004789,The device has a seasonal bootfile,null null,Services,Archive,256,"12/02/2016,2:25 PM",Medium,alert,A provisioning attempt will be required to correct the issue.,int
1,ENROLLED_IN_AUTOPAY_ISSUES,REC_6106bcb5-7229-428b-b2e6-ebaca4898f92,null,null null,Billing,InActive,183,"10/25/2016,1:34 PM",null,null,null,int->ci
1,DEVICE_WALLEDGARDEN,REC_a07f08b1-1315-4214-83d8-4af0be39cadd,The device is in Walled Garden,null null,Services,InActive,183,"10/25/2016,1:37 PM",null,alert,(empty),int->ci
1,CDV_ONLY_BOOTFILE,REC_ed1894e3-ebe7-4321-a08e-4ff336f76929,There is a CDV Only bootfile,null null,Services,Active,183,"10/25/2016,1:55 PM",null,null,null,int->ci
1,DEVICE_TYPE_PRODUCT_MISMATCH,REC_7c878cec-c235-4f7d-86c4-29148f59eb35,A new device is required,null null,Services,Archive,183,"10/25/2016,2:03 PM",null,alert,The customer has a d2 device with a d3 bootfile,int->ci
1,ABUSE_BOOTFILE,REC_64164f7a-4f74-49bd-bf8e-d5f9925ead17,The device has an abuse bootfile,null null,Services,Active,183,"10/25/2016,2:09 PM",null,alert,null,int->ci
4,OUTAGES_EXIST,REC_aabf25c9-b715-4cbd-bffa-1f3662aa13ec,Outages Detected,null null,Services,Archive,348,"12/09/2016,1:23 PM",null,alert,Outages have been detected that may be impacting the customer's services.,int->soak_g2->soak_g1->prd_g1
17,Seasonal_Bootfile,REC_3abda009-52df-4955-a462-ad5108f17a8d,The device has a seasonal bootfile,null null,Services,Archive,361,"12/13/2016,2:27 PM",Medium,alert,A provisioning attempt will be required to correct the issue.,int
14,BOOTFILE_PRODUCT_MISMATCH,REC_aee2207f-2c4c-4595-8b16-1e95042f702d,Bootfile Doesn't Match Billing,null null,Services,Archive,380,"12/18/2016,9:07 PM",6,alert,Click to resolve the customer's bootfile to billing mismatch.,int
1,AnyTrue_Flag,REC_a5882747-b61a-4d3f-9671-722e0cc4fc88,Any True Test,Rabia Arshad,Billing,Archive,397,"12/23/2016,2:47 PM",33,alert,Any True Flag Testing,int
5,ENABLE_ECOBILL,REC_5e9fc172-770b-4447-b532-94898fca4e31,Enroll In Eco Bill,null null,Account,Active,347,"12/09/2016,11:17 AM",1,alert,The customer is not currently enrolled in EcoBill,int->soak_g2->soak_g1->prd_g1->prd_g2
3,ENABLE_ECOBILL,REC_a155a52a-eef1-4cb4-add3-5f6f24d2dea9,Enroll In Eco Bill,null null,Account,Archive,183,"10/31/2016,1:12 PM",null,alert,The customer is not currently enrolled in EcoBill,int
3,MY_ACCOUNT_ACCESS,REC_43c3b33e-aa58-4c34-a7e5-f73501f84c10,Download the My Account App,null null,Account,InActive,183,"10/31/2016,1:15 PM",null,alert,Share this Article with Customer to download My Account App,int->soak_g2->soak_g1
2,NewEnable_Ecobil,REC_ecc7ca2f-b5a2-461c-a83c-c9e60d0ff579,null,null null,Account,Active,183,"10/31/2016,1:17 PM",null,null,null,int
3,No_Alternate_Contact_TN_Found_for_Account,REC_5f41308a-2770-4ba5-b3ff-9595675dda20,Add Mobile Number,null null,Account,Archive,183,"10/31/2016,1:18 PM",null,alert,The customer does not have a mobile number on file,int
3,NO_PIN,REC_c1844dcd-2683-4620-a0b2-1b63832979c1,Create Account Pin,null null,Account,Archive,183,"10/31/2016,1:21 PM",null,alert,Creating an Account PIN increases the security of the account,int->soak_g2->soak_g1
8,ACCOUNT_SEASONAL,REC_48b73ab8-7f64-4d29-8702-6af71a5b36bd,Seasonal Suspend,null null,Account,Archive,201,"11/11/2016,11:10 AM",null,-1,Account is in Seasonal Suspend,int->soak_g2->soak_g1
9,BOOTFILE_PRODUCT_MISMATCH,REC_c34ca678-b7a1-4b46-85ab-0ae9e3b73bba,Bootfile Product Mismatch,null null,Services,Archive,202,"11/11/2016,11:13 AM",null,alert,The bootfile does not match the product that the customer subscribes to,int->soak_g2->soak_g1
7,Seasonal_Bootfile,REC_66155fa9-b037-48f2-8ee4-de6d1408e1f0,The device has a seasonal bootfile,null null,Services,Archive,255,"12/01/2016,12:20 PM",Medium,alert,A provisioning attempt will be required to correct the issue.,int
8,Seasonal_Bootfile,REC_7925ca31-f2d1-4d5d-b39c-9c97e11a3f23,The device has a seasonal bootfile,null null,Services,Archive,256,"12/02/2016,10:24 AM",Medium,alert,A provisioning attempt will be required to correct the issue.,int->soak_g2
3,DEVICE_WALLEDGARDEN,REC_8c208545-30ab-4d33-a33a-1c2bf6a1a490,The device is in Walled Garden,null null,Services,Archive,183,"12/02/2016,2:32 PM",Medium,alert,A provisioning attempt will be required to correct this issue.,int
4,PORTED_CDV,REC_cddf5402-05de-49e3-8e69-3f95f3a33a77,Ported CDV,null null,Services,Archive,261,"12/02/2016,4:21 PM",1,alert,The customer's TN is inactive and does not have a Comacst SPID,int
10,Seasonal_Bootfile,REC_fee8abb0-f3d0-408b-b267-d4d558652246,The device has a seasonal bootfile,null null,Services,Archive,262,"12/02/2016,4:21 PM",Medium,alert,A provisioning attempt will be required to correct the issue.,int->soak_g2
11,Seasonal_Bootfile,REC_2f938d85-4f83-4853-897f-f698070aaac0,The device has a seasonal bootfile,null null,Services,Archive,262,"12/02/2016,8:56 PM",Medium,alert,A provisioning attempt will be required to correct the issue.,int->soak_g2
4,DEVICE_WALLEDGARDEN,REC_43cb1228-3ff7-4d26-8ea5-2e61bfdba588,The device is in Walled Garden,null null,Services,Archive,270,"12/02/2016,9:12 PM",Medium,alert,A provisioning attempt will be required to correct this issue.,int->soak_g2
6,Sensor_Low_Battery,REC_8b60efd8-0456-4d4f-8bda-52394a2e1b8f,Sensor Low Battery,null null,Services,Archive,411,"12/28/2016,6:06 PM",10,alert,An XH Door or WIndow sensor has a low battery,int
9,BALANCE,REC_8a52e4da-c882-4c09-b337-9f7383c83051,Take a Payment,null null,Billing,Archive,231,"12/02/2016,3:28 PM",1,alert,The customer has a current or past due balance,int->soak_g2
5,PORTED_CDV,REC_21f2d01b-f9ec-4a2f-96f4-67f8c89be367,Ported CDV,null null,Services,Archive,263,"12/02/2016,4:25 PM",1,alert,The customer's TN is inactive and does not have a Comacst SPID,int
18,Seasonal_Bootfile,REC_0c9dda25-1608-4c78-ab18-e7fd8873f967,The device has a seasonal bootfile,null null,Services,Archive,361,"12/13/2016,4:29 PM",Medium,alert,A provisioning attempt will be required to correct the issue.,int->soak_g2
1,TestIntRecom,REC_9ac1a889-399d-41cd-9d3e-112c14a36336,null,Archana null,Services,Archive,362,"12/14/2016,7:16 PM",null,null,null,int
10,Feature_Mismatch,REC_a7c3b2d9-83fc-4d69-a90e-d7476439988f,Feature Mismatch,null null,Services,Archive,373,"12/15/2016,6:33 PM",9,alert,Features were found in the biller but not in the switch,int
19,PORTED_CDV,REC_a0d220be-3c6e-47d5-88da-301d83175d0f,There is a problem with the customer's Ported Number.,null null,Services,Archive,378,"12/17/2016,4:11 PM",7,alert,The customer's TN is inactive and does not have a Comacst SPID,int
2,Sensor_Low_Battery,REC_e37d0ab7-eada-4505-bc37-9c9ca6e63714,Sensor Low Battery,null null,Services,Archive,386,"12/19/2016,1:33 PM",10,alert,An XH Door or WIndow sensor has a low battery,int
7,DEVICE_WALLEDGARDEN,REC_2ef375eb-2f54-455e-b7dc-12e97ea9fad5,Device in Non Active Bootfile,null null,Services,Archive,389,"12/20/2016,11:41 AM",4,alert,Click to resolve the customer's Walled Garden/CDV Only/Seasonal Bootfile.,int
13,OZ - Impaired,REC_d4eb18f4-0a4b-4587-b1c4-28bd1b2f07ba,null,null null,Services,Archive,393,"12/21/2016,12:23 PM",null,null,null,int
14,OZ - Impaired,REC_8cca825e-796c-4ced-9ef6-0b7cf7a29428,null,null null,Services,Archive,395,"12/21/2016,2:43 PM",null,null,null,int
15,OZ - Impaired,REC_0b7e8af7-6101-44e1-805d-204b97bc2942,null,null null,Services,Archive,396,"12/21/2016,3:07 PM",null,null,null,int->soak_g2
2,OUTAGES_EXIST,REC_e2c62748-c47e-4ee0-a868-00d1e49d6523,Outages Detected,null null,Services,InActive,183,"10/24/2016,2:02 PM",null,alert,Outages have been detected that may be impacting the customer's services.,int->soak_g2->soak_g1
2,NO_USERNAME,REC_619f4598-b13e-4dc6-b5f0-a2ab6e841b94,Create Primary User Id,null null,Services,InActive,183,"10/19/2016,8:45 AM",null,alert,The customer doesn't currently have a Primary User ID,int->soak_g2->soak_g1
1,TICKET_TEST,REC_683e7109-af3a-4166-adcb-c24558b2bf9e,This is a test,null null,Billing,Active,183,"10/24/2016,3:31 PM",null,alert,This is a test,int
1,NewEnable_Ecobil,REC_efe4fab5-3a6a-4982-97b0-d0f6629f2524,null,null null,Account,InActive,183,"10/27/2016,12:48 PM",null,null,null,int->ci
Draft,TICKET_TEST2,REC_270298d1-abbc-4425-a607-6e08ee696d97,This is a test,null null,Billing,Draft,183,"10/27/2016,12:22 PM",null,alert,This is a test,int
4,ACCOUNT_SEASONAL,REC_6bb40d49-54c8-4e2d-98a1-be60ae65f858,Seasonal Suspend,null null,Account,InActive,183,"10/28/2016,9:02 AM",null,-1,Account is in Seasonal Suspend,int->soak_g2->soak_g1
6,ACCOUNT_SEASONAL,REC_6032c069-a624-42e7-b318-1f4a50d07494,Seasonal Suspend,null null,Account,InActive,183,"10/31/2016,12:59 PM",null,-1,Account is in Seasonal Suspend,int
4,NOT_SIK_ELIGIBLE,REC_1adcb36b-0c02-41c0-8bd5-c8c890710484,The account is not SIK Eligbile,null null,Account,Archive,183,"10/31/2016,1:24 PM",null,null,null,int
3,BALANCE,REC_986b0b8f-4ca7-4257-8f21-9a3804771c3c,Take a Payment,null null,Billing,Archive,183,"10/31/2016,1:26 PM",null,alert,The customer has a current or past due balanceke a Payment,int
2,ENROLLED_IN_AUTOPAY_ISSUES,REC_76508be9-a21e-48a3-afb4-c9575ec157a4,null,null null,Billing,Archive,183,"10/31/2016,1:27 PM",null,null,null,int
5,HARD_DISCONNECT,REC_0788cc9d-4260-46e0-93b4-d553fea3ad1b,Non Pay Hard Disconnect,null null,Billing,InActive,183,"10/31/2016,1:29 PM",null,alert,Customer is in a non pay hard disconnect.,int
3,NOT_ENROLLED_IN_AUTOPAY,REC_12eda3cf-98b7-4b30-979c-2ea3c6f159d9,Enroll In AutoPay,null null,Billing,Archive,183,"10/31/2016,1:31 PM",null,alert,The customer is not currently enrolled in Auto Pay,int
4,No_Alternate_Email_Found,REC_c4882452-cd19-42bd-a0fe-785ff13b8659,Add Alternate Email,null null,Services,Archive,183,"10/31/2016,1:34 PM",null,alert,The customer does not have an alternate email on file,int
2,DEVICE_WALLEDGARDEN,REC_b4272a71-d348-4061-9e51-a67c51b40fbd,The device is in Walled Garden,null null,Services,Archive,183,"11/08/2016,3:38 PM",Medium,alert,A provisioning attempt will be required to correct this issue.,int->soak_g2->soak_g1
2,Seasonal_Bootfile,REC_3b8e8b73-9734-4caf-b39c-1bd0fadafe29,The device has a seasonal bootfile,null null,Services,Archive,197,"11/10/2016,9:18 AM",Medium,alert,A provisioning attempt will be required to correct the issue.,int->soak_g2->soak_g1
8,BOOTFILE_PRODUCT_MISMATCH,REC_471691e2-9f3a-4e1a-8ec6-7224b2382b12,Bootfile Product Mismatch,null null,Services,Archive,198,"11/10/2016,9:34 AM",null,alert,The bootfile does not match the product that the customer subscribes to,ci->int
2,TICKETING_TEST,REC_14a020eb-3f7b-4384-9e66-ebef07e96cc5,This is just a test,null null,Services,Archive,199,"11/10/2016,10:24 AM",Medium,alert,I'm just testing,int
3,Seasonal_Bootfile,REC_c8c19bb2-8709-44f3-b6e8-b81f1d17315e,The device has a seasonal bootfile,null null,Services,Archive,200,"11/10/2016,5:37 PM",Medium,alert,A provisioning attempt will be required to correct the issue.,int->soak_g2
11,BOOTFILE_PRODUCT_MISMATCH,REC_f3723fae-a9d5-447c-b644-7c231fcb77b3,Bootfile Product Mismatch,null null,Services,Archive,223,"11/22/2016,4:07 PM",null,alert,<Equipments.Equipment.CmInfo.bootFile> <Equipments.Equipment.CmInfo.regState>,int
5,DEVICE_TYPE_PRODUCT_MISMATCH,REC_e7ba76b1-2dd3-457f-9a5a-0b8bf94313ca,Device Mismatch,null null,Services,Archive,220,"11/22/2016,7:06 PM",null,alert,<Equipments.Equipment.CmInfo.bootFile> <Equipments.Equipment.CmInfo.regState>,int
6,DEVICE_TYPE_PRODUCT_MISMATCH,REC_536b90aa-7cf1-477d-90b3-2e029fdbc041,Device Mismatch,null null,Services,Archive,228,"11/22/2016,8:06 PM",null,alert,<Equipments.Equipment.CmInfo.bootFile> <Equipments.Equipment.CmInfo.regState>,int->soak_g2
12,BOOTFILE_PRODUCT_MISMATCH,REC_a7f7921d-26ce-45c7-a5de-2b7f2e40ea11,Bootfile Product Mismatch,null null,Services,Archive,229,"11/22/2016,9:51 PM",null,alert,<Equipments.Equipment.CmInfo.bootFile> <Equipments.Equipment.CmInfo.regState>,int->soak_g2
1,newregrssion,REC_35a627aa-ce66-4835-9c05-f23ffbe81f61,<Equipments.log_eqp_cminfo_a_0023>,Tester Offshore,Sales,Active,230,"11/23/2016,12:24 PM",null,null,<Equipments.phase_avg>,int
Draft,reg_Recommendation,REC_96b0883c-666f-4c8b-a5e2-28226d23194c,null,Tester Offshore,Sales,Draft,Draft,"11/23/2016,4:00 PM",null,null,null,int
1,PORTED_CDV,REC_ef4f552e-647e-4026-9d8b-456cc907e84b,Ported CDV,null null,Services,Archive,232,"11/23/2016,3:15 PM",1,alert,The customer's TN is inactive and does not have a Comacst SPID,int->soak_g2
13,Upgrade_Services,REC_5b5d48b1-f5b3-4d0f-9373-0fd1dd4b7cf5,Upgrade Services,Rabia Arshad,Billing,Archive,233,"11/23/2016,4:16 PM",20,alert,Upgrade your existing services to add <Account.ExternalRecommendations.missingLOB>,int->soak_g2->soak_g1
14,Upgrade_Services,REC_778e433b-3ba6-4272-9283-4c6305ad2954,Upgrade Services,Rabia Arshad,Billing,Archive,235,"11/23/2016,4:38 PM",20,alert,Upgrade your existing services to add <Account.ExternalRecommendations.missingLOB>,int->soak_g2->soak_g1
1,OffshoreINTRegression,REC_206e2b46-3b60-4258-9436-5770f74f8dd4,null,null null,Account,Archive,237,"11/30/2016,3:49 PM",null,null,null,int
1,TestNewVersion,REC_c2058fdf-9143-408e-823e-e9f04d871305,null,Rabia Arshad,Billing,Active,183,"12/15/2016,1:20 PM",null,null,null,int
1,XRE Errors,REC_80a258cb-9e3d-46a2-9afe-50f11ffb96fa,null,STEVE SEIER,Services,Archive,251,"12/01/2016,10:25 AM",null,null,null,int
8,OZ - Impaired,REC_057d462b-fab2-439e-b840-2eedd8de98a9,null,null null,Services,Archive,360,"12/12/2016,4:47 PM",null,null,null,int->soak_g2
15,PORTED_CDV,REC_b9dbbd95-ab07-4ee4-b76d-ef64e74caef3,There is a problem with the customer's Ported Number.,null null,Services,Archive,376,"12/17/2016,2:29 PM",7,alert,The customer's TN is inactive and does not have a Comacst SPID,int
24,Upgrade_Services,REC_295e0b0f-069d-4ee7-8167-79b736193091,Upgrade Services,null null,Billing,Archive,337,"12/13/2016,3:18 AM",20,alert,Upgrade your existing services to add <Account.ExternalRecommendations.missingLOB>,int->soak_g2
6,Feature_Mismatch,REC_b01861e6-553d-4be8-962e-66c2c8250bd4,Feature Mismatch,null null,Services,Archive,368,"12/15/2016,2:02 PM",9,alert,Features were found in the biller but not in the switch,int
1,AutoCorrect_Flag,REC_42cbf732-747f-4ef8-81a0-9cb8509ebffc,Testing auto correct flag,Rabia Arshad,Sales,Active,370,"12/15/2016,1:24 PM",92,alert,Testing auto correct flag through Postman,ci->int
8,Feature_Mismatch,REC_251a536e-acb8-4e38-ae06-6b79b85cb29f,Feature Mismatch,null null,Services,Archive,371,"12/15/2016,4:21 PM",9,alert,Features were found in the biller but not in the switch,int
9,Feature_Mismatch,REC_8afba7aa-1e4e-4dd0-870c-92241217639d,Feature Mismatch,null null,Services,Archive,372,"12/15/2016,5:54 PM",9,alert,Features were found in the biller but not in the switch,int
20,PORTED_CDV,REC_56638ecc-e767-4154-b2ef-0d8d9a51cb68,There is a problem with the customer's Ported Number.,null null,Services,Archive,378,"12/17/2016,4:24 PM",7,alert,The customer's TN is inactive and does not have a Comacst SPID,int
21,PORTED_CDV,REC_e2a02ec6-6327-4e4e-9f6d-e5f869a9251a,There is a problem with the customer's Ported Number.,null null,Services,Archive,378,"12/17/2016,4:34 PM",7,alert,The customer's TN is inactive and does not have a Comacst SPID,int
22,PORTED_CDV,REC_a732042b-c9ee-44e3-84fc-2788d9c98a25,There is a problem with the customer's Ported Number.,null null,Services,Archive,378,"12/17/2016,6:56 PM",7,alert,The customer's TN is inactive and does not have a Comacst SPID,int
23,PORTED_CDV,REC_5dbf35d3-ec5d-4774-8650-55add4879d69,There is a problem with the customer's Ported Number.,null null,Services,Archive,379,"12/18/2016,12:25 PM",7,alert,The customer's TN is inactive and does not have a Comacst SPID,int
12,OZ - Impaired,REC_37e68f5f-0755-4e96-afe3-83d7a367a1f1,null,null null,Services,Archive,384,"12/19/2016,12:16 PM",null,null,null,int
19,Feature_Mismatch,REC_2d7218ee-81ee-4839-9955-3f6ffc2502d0,Feature Mismatch,null null,Services,Archive,414,"12/29/2016,11:00 PM",9,alert,CDV Features were found in the biller but not in the switch,int
1,TICKET_TEST2,REC_6c7b5075-fc21-4e73-8675-fe6f6f9560f5,This is a test,null null,Billing,Active,183,"10/24/2016,4:29 PM",null,alert,This is a test,int->soak_g3
1,TOS_BOOTFILE,REC_d62da6a9-cc07-48ee-b9e6-5c94b27560b7,The device has a theft of service bootfile,null null,Services,Active,183,"10/25/2016,10:25 AM",null,alert,null,int->soak_g2
1,BOOTFILE_PRODUCT_MISMATCH,REC_5bf8f1e9-bb5c-41ea-81eb-7e18090aa5bf,Bootfile Product Mismatch,null null,Services,Archive,183,"10/25/2016,10:34 AM",null,alert,The bootfile does not match the product that the customer subscribes to,int->ci
Draft,ticket1,REC_8c8635ec-b05c-45ba-82f4-52c7c21be6b5,null,null null,Billing,Draft,183,"10/25/2016,8:42 PM",null,null,null,int
1,test123,REC_9c1bdc89-f76b-4131-a9f7-7f58259d4bab,null,null null,Services,Active,183,"10/25/2016,8:48 PM",null,null,null,int->soak_g2
Draft,test_treatment,REC_d091d68b-af7f-4f11-80be-96ea289cf3f9,My first is name is <Account.firstName>,null null,Billing,Active,183,"10/26/2016,10:32 AM",null,alert,This is a test,int->ci
2,ENABLE_ECOBILL,REC_3588c27e-a2dc-4bfa-aad4-3c194d274d72,Enroll In Eco Bill,null null,Account,InActive,183,"10/24/2016,1:47 PM",null,alert,The customer is not currently enrolled in EcoBill,int->soak_g2->soak_g1
1,NOT_SIK_ELIGIBLE,REC_8aac523d-6979-4981-870f-49c68537bd5c,The account is not SIK Eligbile,null null,Account,InActive,183,"10/26/2016,9:48 PM",null,null,null,int
2,NOT_SIK_ELIGIBLE,REC_f8a7d160-0c08-4a16-801c-c1084b7e6d1b,The account is not SIK Eligbile,null null,Account,InActive,183,"10/26/2016,9:56 PM",null,null,null,int->ci->soak_g2
3,NOT_SIK_ELIGIBLE,REC_52f91684-139a-4b5b-a1bd-42205df55b54,The account is not SIK Eligbile,null null,Account,InActive,183,"10/26/2016,10:03 PM",null,null,null,int->ci
1,ACCOUNT_SEASONAL,REC_0cb7ed2b-3f7b-43b7-98c8-cf08462368f9,Seasonal Suspend,null null,Account,InActive,183,"10/27/2016,4:11 PM",null,-1,Account is in Seasonal Suspend,int
2,ACCOUNT_SEASONAL,REC_4ce035b1-f178-4e3e-bad6-b9d5d9a00287,Seasonal Suspend,null null,Account,InActive,183,"10/27/2016,5:00 PM",null,-1,Account is in Seasonal Suspend,int->soak_g2
3,ACCOUNT_SEASONAL,REC_64625cf6-a683-4ab8-99af-6a712b158ff5,Seasonal Suspend,null null,Account,InActive,183,"10/28/2016,8:43 AM",null,-1,Account is in Seasonal Suspend,int->soak_g2
3,No_Alternate_Email_Found,REC_296e01f2-3506-4d89-aa7d-b09a3e272d1d,Add Alternate Email,null null,Services,InActive,183,"10/28/2016,6:26 PM",null,alert,The customer does not have an alternate email on file,int->soak_g2->soak_g1
2,HARD_DISCONNECT,REC_506842af-6297-431a-a1bb-1850ae13e160,Non Pay Soft Disconnect,null null,Billing,InActive,183,"10/29/2016,10:21 AM",null,alert,Customer is in a non pay soft disconnect.,int->soak_g2->soak_g1
3,HARD_DISCONNECT,REC_8a11d6ee-91ab-4713-b5bd-2349acdc5a36,Non Pay Hard Disconnect,null null,Billing,InActive,183,"10/29/2016,10:37 AM",null,alert,Customer is in a non pay hard disconnect.,int->soak_g2->soak_g1
1,MY_BOOTFILE,REC_f2f53f4f-f27c-4286-a144-d30568da947f,null,null null,Services,Active,183,"10/29/2016,12:56 PM",null,null,null,int->soak_g2
4,HARD_DISCONNECT,REC_8a94b005-3ba4-4f90-a76c-20ee0b60907c,Non Pay Hard Disconnect,null null,Billing,InActive,183,"10/31/2016,12:05 PM",null,alert,Customer is in a non pay hard disconnect.,int->soak_g2
5,ACCOUNT_SEASONAL,REC_1398cd59-8b19-4441-8c55-7043fb407fec,Seasonal Suspend,null null,Account,InActive,183,"10/31/2016,12:32 PM",null,-1,Account is in Seasonal Suspend,int->soak_g2->soak_g1
3,NO_USERNAME,REC_4ce0e560-e05d-48a9-8834-fb2b29cf7147,Create Primary User Id,null null,Services,InActive,183,"10/31/2016,1:36 PM",null,alert,The customer doesn't currently have a Primary User ID,int
4,NO_USERNAME,REC_99364e16-1a81-4c6c-861b-34103d3ceede,Create Primary User Id,null null,Services,Archive,183,"10/31/2016,1:36 PM",null,alert,The customer doesn't currently have a Primary User ID,int
3,OUTAGES_EXIST,REC_6b94244b-74f0-49f9-9343-141f37fbb72f,Outages Detected,null null,Services,Archive,183,"10/31/2016,1:37 PM",null,alert,Outages have been detected that may be impacting the customer's services.,int
4,MY_ACCOUNT_ACCESS,REC_e3ae355d-ba1e-401d-a974-4968a74589fe,Download the My Account App,null null,Account,Archive,183,"11/01/2016,3:28 PM",null,alert,Share this Article with Customer to download My Account App,int->soak_g2->soak_g1
1,test211,REC_0f12d639-0377-412f-a218-6357fb4428b7,<Location.tapstatus>,null null,Billing,Active,183,"11/02/2016,4:21 PM",Medium,alert,<Location.tapstatus>,ci->int
1,Incorrect_Bootfile,REC_5f23508a-6ab9-47a6-99bf-63280151b607,The bootfile assocaited to the device is incorrect,null null,Services,InActive,183,"11/02/2016,2:44 PM",Medium,alert,A provisioning attempt will be required to correct the bootfile,int
2,Incorrect_Bootfile,REC_fad44f86-8fd9-4a45-83ae-d1801509ece9,The bootfile assocaited to the device is incorrect,null null,Services,Active,183,"11/02/2016,3:50 PM",Medium,alert,A provisioning attempt will be required to correct the bootfile,int
2,RecTest1,REC_477b58a3-5f02-49b1-bf57-5609d9c650ff,<Location.tapstatus>,null null,Account,Active,183,"11/03/2016,9:54 AM",High,alert,<Location.tapstatus>,ci->int
1,TICKETING_TEST,REC_357dde7b-bb82-431d-b142-1cacc9d91e39,This is just a test,null null,Services,Archive,183,"11/03/2016,1:54 PM",Medium,alert,I'm just testing,int->soak_g2->soak_g1
1,Test Recommendation Craig,REC_4b4d9120-29ae-44fe-90a3-8785bd3cea2a,My first name is <Account.firstName>,null null,Account,Active,183,"11/04/2016,3:22 PM",High,alert,This is a test,int
6,HARD_DISCONNECT,REC_81348b47-0789-4cc1-89f3-bc199048786e,Non Pay Hard Disconnect,null null,Billing,Archive,183,"11/07/2016,5:32 PM",null,alert,Customer is in a non pay hard disconnect.,int->soak_g2->soak_g1
Draft,Collection,REC_d14bd9f5-80b6-4d8c-bec7-a8b1069f463e,null,null null,Billing,Draft,183,"11/08/2016,12:40 PM",null,null,null,int
Draft,Lock,REC_2cff80d5-d54e-48cd-bdab-193244c3ef22,null,null null,Services,Draft,183,"11/08/2016,12:45 PM",null,null,null,int
Draft,newrecommendation,REC_69395634-6627-44b0-bc29-9fce090cbe40,null,null null,Services,Active,183,"11/08/2016,3:11 PM",null,null,null,int
Draft,QAoffshoretesting,REC_07eec53a-4e7f-4bf0-9c04-1c15b10983bf,null,null null,Services,Draft,183,"11/08/2016,3:15 PM",null,null,null,int
1,qa,REC_f7bf39d8-33bf-4780-8daf-e1162b559e74,null,null null,Billing,Active,183,"11/08/2016,3:19 PM",null,null,null,int
7,ACCOUNT_SEASONAL,REC_fdcbe78a-54e5-4cdd-bdef-659f4e7e10ae,Seasonal Suspend,null null,Account,Archive,183,"11/08/2016,10:23 AM",null,-1,Account is in Seasonal Suspend,int
Draft,RegressionTest1,REC_6c357420-4cd7-4eef-9be8-07ab3bd1df9b,null,Rabia Arshad,Billing,Draft,null,"11/09/2016,4:08 PM",null,null,null,int
Draft,RECTEST1,REC_e2d8a186-efbf-44be-beb2-6d1235045513,<Location.tapstatus>,Rabia Arshad,Account,Draft,Draft,"11/09/2016,4:15 PM",High,alert,<Location.tapstatus>,int->ci
4,BALANCE,REC_9de3bec4-2334-484b-84ab-9edc5ce48e6d,Take a Payment,null null,Billing,Archive,183,"11/09/2016,4:42 PM",null,alert,The customer has a current or past due balanceke a Payment,int->soak_g2
2,PR_TEST,REC_75027df2-2172-413c-9951-ab528579245c,Testing 1,Rabia Arshad,Account,Active,188,"11/07/2016,5:39 PM",Medium,alert,Testing 123,ci->int
1,Test_Nov9,REC_4ef8b8a4-be57-4cd0-ac0b-6439467849e2,testnov9shortdec,null null,Account,Archive,189,"11/09/2016,6:06 PM",High,-1,testnov9longdec,int
2,Test_Nov9,REC_819102ec-f58c-4d80-b75a-5626d86bdc13,testnov9shortdec,null null,Account,Active,189,"11/09/2016,6:12 PM",High,-1,testnov9longdec,int->soak_g2
1,INTRecommendation,REC_af69f1b2-896f-4cce-be0e-9190526adbdb,null,null null,Billing,Active,193,"11/10/2016,11:48 AM",null,null,null,null
Draft,saveas,REC_461895d2-4180-4659-9322-01d0319d18b7,null,null null,Billing,Draft,193,"11/10/2016,12:52 PM",null,null,null,int
1,AcelaTest,REC_2403c5a8-08eb-4f19-aefa-0eb8cf50298b,<Location.tapstatus>,null null,Account,Active,194,"11/10/2016,3:33 PM",Critical,alert,<Location.tapstatus>,int
4,Seasonal_Bootfile,REC_5555438e-f44b-4449-a231-2574501de3da,The device has a seasonal bootfile,null null,Services,Archive,203,"11/11/2016,12:09 PM",Medium,alert,A provisioning attempt will be required to correct the issue.,int->soak_g2
5,Seasonal_Bootfile,REC_ee66c2bc-4394-4047-899b-ac975c6be240,The device has a seasonal bootfile,null null,Services,Archive,203,"11/15/2016,6:27 PM",Medium,alert,A provisioning attempt will be required to correct the issue.,int
1,Upgrade_Services,REC_1aacb2eb-c16a-4bfe-9e1a-c78662d2a945,Upgrade Services.,Rabia Arshad,Billing,Archive,206,"11/18/2016,12:47 PM",20,alert,Upgrade your existing services to add <Account.ExternalRecommendations.missingLOB>,int
2,Upgrade_Services,REC_c528ea7d-cf14-4582-957c-da72ac2059ce,Upgrade Services.,Rabia Arshad,Billing,Archive,207,"11/18/2016,12:52 PM",20,alert,Upgrade your existing services to add <Account.ExternalRecommendations.missingLOB>,int
3,Upgrade_Services,REC_7d282a88-50cb-44ba-9094-3848fa953884,Upgrade Services,Rabia Arshad,Billing,Archive,208,"11/18/2016,1:53 PM",20,alert,Upgrade your existing services to add <Account.ExternalRecommendations.missingLOB>,int->soak_g2->soak_g1
4,Upgrade_Services,REC_2a19f54d-d981-4636-a446-6f2d84a5063e,Upgrade Services,null null,Billing,Archive,208,"11/18/2016,11:47 PM",20,alert,Upgrade your existing services to add <Account.ExternalRecommendations.missingLOB>,int->soak_g2
5,Upgrade_Services,REC_0035a13f-836e-4801-9860-cbf7ccdb7d3a,Upgrade Services,null null,Billing,Archive,208,"11/19/2016,12:07 AM",20,alert,Upgrade your existing services to add <Account.ExternalRecommendations.missingLOB>,int->soak_g2->soak_g1
6,Upgrade_Services,REC_5414620e-40ba-4683-b59d-325910960e44,Upgrade Services,null null,Billing,Archive,208,"11/19/2016,12:40 AM",20,alert,Upgrade your existing services to add <Account.ExternalRecommendations.missingLOB>,int
7,Upgrade_Services,REC_4247fc82-e09f-4ec5-bdf6-0a4a339c0d80,Upgrade Services,null null,Billing,Archive,209,"11/19/2016,12:47 AM",20,alert,Upgrade your existing services to add <Account.ExternalRecommendations.missingLOB>,int
8,Upgrade_Services,REC_4d272ed8-3c32-4d13-b3f0-1c63d0952375,Upgrade Services,null null,Billing,Archive,210,"11/19/2016,12:06 PM",20,alert,Upgrade your existing services to add <Account.ExternalRecommendations.missingLOB>,int->soak_g2->soak_g1
2,DEVICE_TYPE_PRODUCT_MISMATCH,REC_b7faa20a-49a0-4f7e-985e-36eef8470caf,A new device is required,null null,Services,Archive,211,"11/21/2016,11:25 AM",null,alert,The customer has a d2 device with a d3 bootfile,int->soak_g2
3,DEVICE_TYPE_PRODUCT_MISMATCH,REC_3e156289-ff8d-4c94-9535-7eb31d6daada,A new device is required,null null,Services,Archive,212,"11/21/2016,1:49 PM",null,alert,The customer has a d2 device with a d3 bootfile,int->soak_g2
4,No_Alternate_Contact_TN_Found_for_Account,REC_2f9717cb-9759-4f49-b32e-07215dac9c92,Add Mobile Number,Rabia Arshad,Account,Archive,183,"11/21/2016,3:31 PM",12,alert,The customer does not have a mobile number on file,int
5,No_Alternate_Contact_TN_Found_for_Account,REC_7f07f1ec-be32-41b0-9c3b-20f7305abb37,Add Mobile Number,Rabia Arshad,Account,Archive,183,"11/21/2016,3:32 PM",12,alert,The customer does not have a mobile number on file,int
9,Upgrade_Services,REC_e5cca506-1ded-428a-a87a-e442a63609be,Upgrade Services,Rabia Arshad,Billing,Archive,210,"11/21/2016,3:58 PM",20,alert,Upgrade your existing services to add <Account.ExternalRecommendations.missingLOB>,int
1,RegressionTesting,REC_8bb8c589-f07e-4b77-9752-a56fd1bd2158,<Equipments.phase_avg>,Tester Offshore,Sales,Active,213,"11/22/2016,11:52 AM",5,alert,<Equipments.paddeduprxpower_avg>,int
Draft,IntQA,REC_cd0231a8-a8f5-4447-80a1-c70ad274c463,<Location.tapstatus>,Rabia Arshad,Account,Draft,Draft,"12/14/2016,3:34 PM",Critical,alert,<Location.tapstatus>,int
4,DEVICE_TYPE_PRODUCT_MISMATCH,REC_e584f414-7b4b-4f06-a879-5d04d9253d11,Device Mismatch,null null,Services,Archive,220,"11/22/2016,10:09 AM",null,alert,<Equipments.Equipment.CmInfo.bootFile> <Equipments.Equipment.CmInfo.regState>,int->soak_g2
6,No_Alternate_Contact_TN_Found_for_Account,REC_f87205b6-468d-4370-a7a8-03d0458ef416,Add Mobile Number,Rabia Arshad,Account,Archive,183,"11/22/2016,10:41 AM",12,alert,The customer does not have a mobile number on file,int
7,No_Alternate_Contact_TN_Found_for_Account,REC_6e968893-03ed-4378-80a2-11c80b381b03,Add Mobile Number,Rabia Arshad,Account,Archive,221,"11/22/2016,10:59 AM",12,alert,The customer does not have a mobile number on file,int
8,No_Alternate_Contact_TN_Found_for_Account,REC_d6418e14-3d7f-4773-bcd3-43ed6b5325da,Add Mobile Number,Rabia Arshad,Account,Archive,222,"11/22/2016,11:07 AM",12,alert,The customer does not have a mobile number on file,int
10,BOOTFILE_PRODUCT_MISMATCH,REC_786c6969-7c7d-4bbb-96dd-666b7e9bc33f,Bootfile Product Mismatch,null null,Services,Archive,223,"11/22/2016,11:13 AM",null,alert,The bootfile does not match the product that the customer subscribes to,int
9,No_Alternate_Contact_TN_Found_for_Account,REC_c353768e-77a6-4a7c-93d0-3a553ab3e0f2,Add Mobile Number,Rabia Arshad,Account,Archive,224,"11/22/2016,11:14 AM",12,alert,The customer does not have a mobile number on file,int
10,Upgrade_Services,REC_d9333187-20ba-4596-9d9d-0a883174925d,Upgrade Services,Rabia Arshad,Billing,Archive,225,"11/22/2016,11:30 AM",20,alert,Upgrade your existing services to add <Account.ExternalRecommendations.missingLOB>,int
11,Upgrade_Services,REC_31c2fdef-0dc8-42a1-844e-52ef987e9e0e,Upgrade Services,Rabia Arshad,Billing,Archive,225,"11/22/2016,11:43 AM",20,alert,Upgrade your existing services to add <Account.ExternalRecommendations.missingLOB>,int
5,BALANCE,REC_928899c6-30ef-4573-a0d1-687c74d81681,Take a Payment,null null,Billing,Archive,183,"11/22/2016,12:00 PM",null,alert,The customer has a current or past due balance Take a Payment,int
1,UIControls,REC_e21f0427-1436-4676-a87e-94943b864280,Ui Contorls,Sujith Reddy,Account,Archive,226,"11/22/2016,2:22 PM",1,alert,To show the UI Controls for Einstien,int->soak_g2
12,Upgrade_Services,REC_9522673b-5590-4beb-a51d-057b2ed18d37,Upgrade Services,Rabia Arshad,Billing,Archive,227,"11/22/2016,3:11 PM",20,alert,Upgrade your existing services to add <Account.ExternalRecommendations.missingLOB>,int
4,ENABLE_ECOBILL,REC_808fb0f6-9730-4f0b-b99e-44aa36d7e26b,Enroll In Eco Bill,null null,Account,Archive,183,"11/22/2016,3:30 PM",null,alert,The customer is not currently enrolled in EcoBill,int
Draft,TestRec1,REC_c117df04-5c32-40d8-ab80-a0ab3c92a4db,null,Tester Offshore,Sales,Draft,null,"11/23/2016,4:37 PM",null,null,null,int
Draft,newregrssion,REC_e8989e37-e3ee-45ec-a85a-86c0e17a448f,<Equipments.log_eqp_cminfo_a_0023>,Tester Offshore,Sales,Draft,230,"11/23/2016,4:44 PM",null,null,<Equipments.phase_avg>,int
Draft,NewSales,REC_97914d8f-b4df-4956-b29a-13b1ab6492e7,<Equipments.phase_avg>,Tester Offshore,Sales,Draft,213,"11/23/2016,4:46 PM",5,alert,<Equipments.paddeduprxpower_avg>,int
6,BALANCE,REC_8e4b88db-17fd-4c27-8813-7eb8ba8f3cea,Take a Payment,Rabia Arshad,Billing,Archive,231,"11/23/2016,1:51 PM",null,alert,The customer has a current or past due balance Take a Payment,int->soak_g2->soak_g1
1,INT_RegressionTest1,REC_abfd542c-a8f4-4e46-b00c-ba69da361acb,Regression Testing,Rabia Arshad,Billing,Active,399,"12/23/2016,4:39 PM",11,alert,Regression testing in INT,int
Draft,Steve Test,REC_9293276a-9b6c-4c47-a0b5-0cfd82136b04,null,null null,Services,Draft,null,"11/28/2016,11:56 AM",null,null,null,int
Draft,Recommendation_Access,REC_b8a21fe6-5dcf-4f0d-82a8-5ecf37823f2f,null,null null,Sales,Draft,null,"11/29/2016,11:27 AM",null,null,null,int
1,Regression29,REC_77dfbcf6-6151-4f01-8ee0-8e6f8d181885,null,Tester Offshore,Sales,Active,236,"11/29/2016,3:43 PM",null,null,null,int
7,BALANCE,REC_c94c48fb-c444-476b-992d-5bac85f379bf,Take a Payment,null null,Billing,Archive,231,"11/29/2016,3:54 PM",1,alert,The customer has a current or past due balance Take a Payment,int->soak_g2->soak_g1
1,Return_If_Missing,REC_9711167e-0cbd-44f6-af71-be42f2d92bb0,Validating Return If Missing flag,Rabia Arshad,Billing,Archive,401,"12/27/2016,11:37 AM",16,alert,Symptom should return if the attribute or value is missing in the GetDiagnosis request,int
2,Return_If_Missing,REC_6344f4a8-da11-4009-b3ef-88637e3f7c7f,Validating Return If Missing flag,Rabia Arshad,Billing,Active,402,"12/27/2016,3:32 PM",16,alert,Symptom should return if the attribute or value is missing in the GetDiagnosis request,int
5,Sensor_Low_Battery,REC_09272325-3a5e-4ede-b508-39d157560075,Sensor Low Battery,null null,Services,Archive,403,"12/27/2016,3:34 PM",10,alert,An XH Door or WIndow sensor has a low battery,int
13,Feature_Mismatch,REC_8ec390d0-292f-41da-9922-c9a15d3d9d2b,Feature Mismatch,null null,Services,Archive,383,"12/28/2016,1:12 PM",9,alert,CDV Features were found in the biller but not in the switch,int
1,Feature_Mismatch_International,REC_d6681be7-762c-4915-b4fc-53f2d044237a,Feature Mismatch,null null,Services,Archive,404,"12/28/2016,1:29 PM",9,alert,CDV Features were found in the biller but not in the switch,int
2,Feature_Mismatch_International,REC_268e6b6c-0af0-412a-ae92-9d955352af42,Feature Mismatch,null null,Services,Archive,405,"12/28/2016,2:28 PM",9,alert,CDV features were found in the biller but not in the switch,int
15,Feature_Mismatch,REC_7ccba32b-d175-4455-9400-d6e622b2e1c8,Feature Mismatch,null null,Services,Archive,406,"12/28/2016,3:16 PM",9,alert,CDV Features were found in the biller but not in the switch,int
3,Feature_Mismatch_International,REC_35a0ef4f-460d-45dc-a8bf-eef8ddd74d40,Feature Mismatch,null null,Services,Archive,407,"12/28/2016,3:20 PM",9,alert,CDV features were found in the biller but not in the switch,int
16,Feature_Mismatch,REC_ee6107a3-a2a7-4fbf-a5f3-3551714bcc89,Feature Mismatch,null null,Services,Archive,408,"12/28/2016,3:57 PM",9,alert,CDV Features were found in the biller but not in the switch,int
7,Sensor_Low_Battery,REC_320fd227-87e8-432a-bfc2-5901ea026e20,Sensor Low Battery,null null,Services,Archive,412,"12/29/2016,2:40 PM",10,alert,An XH Door or WIndow sensor has a low battery,int
17,Feature_Mismatch,REC_70f75ebe-260e-45b0-b9e8-cdac47be7c0c,Feature Mismatch,null null,Services,Archive,413,"12/29/2016,3:40 PM",9,alert,CDV Features were found in the biller but not in the switch,int
18,Feature_Mismatch,REC_14186724-1a2e-4601-a088-fe2aca760565,Feature Mismatch,null null,Services,Archive,413,"12/29/2016,3:50 PM",9,alert,CDV Features were found in the biller but not in the switch,int
Draft,Steve_Training,REC_170df8e5-1c1a-4920-b305-16240025edf9,null,null null,Sales,Draft,null,"12/29/2016,6:44 PM",null,null,null,int
20,Feature_Mismatch,REC_85382dd6-f0f5-44a6-b76c-5382f0b6228e,Feature Mismatch,null null,Services,Archive,414,"12/29/2016,11:46 PM",9,alert,CDV Features were found in the biller but not in the switch,int->soak_g2->soak_g1
4,Feature_Mismatch_International,REC_5746f84d-57ad-41cd-8d37-8874169d0ae4,Feature Mismatch,null null,Services,Archive,407,"12/30/2016,9:12 AM",9,alert,CDV features were found in the biller but not in the switch,int->soak_g2->soak_g1
8,Sensor_Low_Battery,REC_b0e2a59c-7a54-478a-82bb-fd02f262c5ed,Sensor Low Battery,null null,Services,Archive,412,"12/30/2016,9:15 AM",10,alert,An XH Door or WIndow sensor has a low battery,int->soak_g2->soak_g1
24,PORTED_CDV,REC_57f88ffd-583f-4631-9b9b-3100e7fb67ad,There is a problem with the customers Ported Number.,null null,Services,Archive,416,"12/30/2016,9:33 AM",7,alert,The customers TN is inactive and does not have a Comcast SPID,int->soak_g2
18,BOOTFILE_PRODUCT_MISMATCH,REC_b1af7792-0dd0-42e4-8343-77def835b17a,Device in Non Active Bootfile,null null,Services,Archive,417,"12/30/2016,9:48 AM",6,alert,Click to resolve the customer's Walled Garden/CDV Only/Seasonal Bootfile.,int
25,PORTED_CDV,REC_e3c0c075-9d75-47f0-88ed-545fb1911aaf,There is a problem with the customers Ported Number.,null null,Services,Archive,418,"12/30/2016,11:12 AM",7,alert,The customers TN is inactive and does not have a Comcast SPID,int
26,PORTED_CDV,REC_c8675b08-b737-412a-85d8-0b399a691348,There is a problem with the customers Ported Number.,null null,Services,Archive,418,"12/30/2016,11:22 AM",7,alert,The customers TN is inactive and does not have a Comcast SPID,int
27,PORTED_CDV,REC_03b3c822-03a5-4678-9fe7-92ee90cd79a3,There is a problem with the customers Ported Number.,null null,Services,Archive,418,"12/30/2016,11:31 AM",7,alert,The customers TN is inactive and does not have a Comcast SPID,int->soak_g2->soak_g1
19,BOOTFILE_PRODUCT_MISMATCH,REC_3cf8de4d-04a6-4705-bd32-b6ad1ac87878,Device in Non Active Bootfile,null null,Services,Archive,419,"12/30/2016,12:27 PM",6,alert,Click to resolve the customer's Walled Garden/CDV Only/Seasonal Bootfile.,int
20,BOOTFILE_PRODUCT_MISMATCH,REC_d9963757-800f-4bb3-8fcc-c2c0a6bfa6f7,Device in Non Active Bootfile,null null,Services,Active,420,"12/30/2016,12:41 PM",6,alert,Click to resolve the customer's Walled Garden/CDV Only/Seasonal Bootfile.,int->soak_g2->soak_g1
12,BALANCE,REC_b873db7b-6b94-43b3-8e49-d0678790f13b,Take a Payment,null null,Billing,Active,269,"12/31/2016,12:46 PM",1,alert,The customer has a current or past due balance,int
3,ENROLLED_IN_AUTOPAY_ISSUES,REC_957c2403-53ae-42c3-8e8c-8d93d462f9ba,null,null null,Billing,Active,183,"12/31/2016,1:12 PM",null,null,null,int
Draft,test,REC_ffceb0b1-d160-4481-acb6-50adc20dbc35,null,Binu Philip,Billing,Draft,null,"01/02/2017,1:39 PM",null,null,null,int
16,OZ - Impaired,REC_a7d19caa-f452-4453-85c6-698df6a2df93,null,null null,Services,Active,396,"01/03/2017,11:24 AM",null,null,null,int->soak_g2
Draft,Training - Senor Low Battery,REC_f09b146b-3be5-444d-9b82-7482a8e26b18,Training - Sensor Low Batt,STEVE SEIER,Services,Draft,Draft,"01/03/2017,3:57 PM",10,alert,Training - Sensor Low Battery <Account.accountNumber>,int
28,PORTED_CDV,REC_893ae2d0-3489-44d0-876f-9694bd1aa2ef,There is a problem with the customers Ported Number.,null null,Services,Archive,422,"01/04/2017,10:59 AM",7,alert,The customers TN is inactive and does not have a Comcast SPID,int
21,Feature_Mismatch,REC_85c72ab3-3fb3-4d13-8ea9-579ca927465f,Feature Mismatch,null null,Services,Archive,423,"01/04/2017,11:52 AM",9,alert,CDV Features were found in the biller but not in the switch,int->soak_g2->soak_g1
7,DEVICE_TYPE_PRODUCT_MISMATCH,REC_79d69a10-0464-4573-8ca3-b9a7c94fc1e1,Device Mismatch,null null,Services,Archive,424,"01/04/2017,12:12 PM",null,alert,<Equipments.Equipment.CmInfo.bootFile> <Equipments.Equipment.CmInfo.regState>,int
8,DEVICE_TYPE_PRODUCT_MISMATCH,REC_8a9f2388-c560-4a9b-b8c1-e2b1f019f521,Device Mismatch,null null,Services,Active,425,"01/04/2017,12:15 PM",null,alert,<Equipments.Equipment.CmInfo.bootFile> <Equipments.Equipment.CmInfo.regState>,int
1,ABT - Service with no Equipment,REC_d4bac914-cba7-4998-a94f-d96c2aea196f,null,null null,Services,Archive,426,"01/04/2017,2:15 PM",null,null,null,int
2,ABT - Service with no Equipment,REC_496fb780-9bd0-431c-baa4-28d028f2b572,null,null null,Services,Archive,427,"01/04/2017,2:25 PM",null,null,null,int
29,PORTED_CDV,REC_e8251622-74e8-4138-9f02-412859d7dec2,There is a problem with the customers Ported Number.,null null,Services,Active,428,"01/04/2017,3:06 PM",7,alert,The customers TN is inactive and does not have a Comcast SPID,int->soak_g2->soak_g1
22,Feature_Mismatch,REC_f4e0c931-8143-42c7-b737-848cbb513d8e,Feature Mismatch,null null,Services,Archive,429,"01/04/2017,3:18 PM",9,alert,CDV Features were found in the biller but not in the switch,int
3,ABT - Service with no Equipment,REC_707a1ed1-57ba-49bb-9863-d013431a12d4,null,null null,Services,Archive,430,"01/04/2017,3:33 PM",null,null,null,int
4,ABT - Service with no Equipment,REC_a28b987f-1c4d-4e23-ab48-cc3abb0e2500,null,null null,Services,Active,431,"01/04/2017,3:52 PM",null,null,null,int->soak_g2
23,Feature_Mismatch,REC_8b1cda8f-cb4a-4e82-83c6-5268a5931a91,Feature Mismatch,null null,Services,Archive,432,"01/04/2017,4:15 PM",9,alert,CDV Features were found in the biller but not in the switch,int
24,Feature_Mismatch,REC_415ec1e6-d86c-4a74-9596-c3ab102f125d,Feature Mismatch,null null,Services,Archive,433,"01/04/2017,4:26 PM",9,alert,CDV Features were found in the biller but not in the switch,int
25,Feature_Mismatch,REC_3a540f92-f5af-45f2-8273-6535c4aa3a6c,Feature Mismatch,null null,Services,Archive,433,"01/04/2017,10:17 PM",9,alert,CDV Features were found in the biller but not in the switch,int
26,Feature_Mismatch,REC_fd67c07e-474d-4e5c-aea8-fc84638b4357,Feature Mismatch,null null,Services,Archive,434,"01/05/2017,9:20 AM",9,alert,CDV Features were found in the biller but not in the switch,int
5,Feature_Mismatch_International,REC_a9f6d756-5e25-42bf-b0a5-f4569318de75,Feature Mismatch,null null,Services,Archive,407,"01/05/2017,10:09 AM",9,alert,CDV features were found in the biller but not in the switch,int
6,Feature_Mismatch_International,REC_c4306b20-ba6a-42de-b4a7-875327f2c7eb,Feature Mismatch,null null,Services,Archive,407,"01/05/2017,10:37 AM",9,alert,CDV features were found in the biller but not in the switch,int
7,Feature_Mismatch_International,REC_afaebf03-13d2-4e42-a4b7-6ce3247822b7,Feature Mismatch,null null,Services,Archive,435,"01/05/2017,11:55 AM",9,alert,CDV features were found in the biller but not in the switch,int
8,Feature_Mismatch_International,REC_c9763852-0c87-4907-b2e5-da117144a33c,Feature Mismatch,null null,Services,Active,436,"01/05/2017,12:55 PM",9,alert,CDV features were found in the biller but not in the switch,int
27,Feature_Mismatch,REC_8d43b6ec-b5e5-436f-828d-5199326c4ea6,Feature Mismatch,null null,Services,Active,434,"01/05/2017,1:00 PM",9,alert,CDV Features were found in the biller but not in the switch,int
Draft,PORTED_CDV,REC_6f50010a-1cdc-4861-be19-057b050319ea,There is a problem with the customers Ported Number.,null null,Services,Draft,Draft,"01/06/2017,10:50 AM",7,alert,The customers TN is inactive and does not have a Comcast SPID,int
Draft,Training - Display Name,REC_db2dac47-57ab-4ee5-b840-321d09bd696d,Display Name,STEVE SEIER,Account,Draft,Draft,"01/06/2017,11:58 AM",10,alert,Display First or Last Name,int
9,Sensor_Low_Battery,REC_a15a8c69-b828-47b8-8967-d3c8d0d0abb4,Sensor Low Battery,null null,Services,Archive,437,"01/06/2017,1:49 PM",10,alert,An XH Door or WIndow sensor has a low battery,int
10,Sensor_Low_Battery,REC_6aee5ef5-d59f-4af3-8537-a9000eff2f38,Sensor Low Battery,null null,Services,Archive,438,"01/06/2017,1:53 PM",10,alert,An XH Door or WIndow sensor has a low battery,int
11,Sensor_Low_Battery,REC_df4d6441-1a26-421d-b628-4fe851273045,Sensor Low Battery,null null,Services,Active,439,"01/06/2017,4:02 PM",10,alert,An XH Door or WIndow sensor has a low battery,int
Draft,OZ - Impaired,REC_2a0560e1-ab53-46a1-80b5-9ac15d943e63,null,null null,Services,Draft,Draft,"01/06/2017,4:26 PM",null,null,null,int
Draft,Sensor_Low_Battery,REC_39abde3d-532d-4e1c-8870-d22aeea57750,Sensor Low Battery,null null,Services,Draft,Draft,"01/06/2017,4:29 PM",10,alert,An XH Door or WIndow sensor has a low battery,int
25,Upgrade_Services,REC_80740469-3243-4ac1-a76e-34dcd6128842,Upgrade Services,null null,Billing,Active,450,"02/09/2017,8:50 AM",20,alert,Upgrade your existing services to add <Account.ExternalRecommendations.missingLOB>,local
Draft,Upgrade_Services,REC_49c7697b-b195-4805-8764-35d7a33f4c1b,Upgrade Services,null null,Billing,Draft,450,"02/09/2017,8:56 AM",20,alert,Upgrade your existing services to add <Account.ExternalRecommendations.missingLOB>,local
1,Warm_Transfer,REC_6f32d6ab-cc49-499e-ab4d-b3d52ffc7af9,ShortDescription <Account.Tickets.status> description,null null,Account,Active,452,"02/22/2017,12:55 PM",15,alert,Long Description <Account.Tickets.status> description,local
Draft,Warm_Transfer,REC_7ccd17e6-1915-47c1-a944-763e9fa08554,ShortDescription <Account.Tickets.status> description,null null,Account,Draft,Draft,"02/23/2017,8:30 PM",15,alert,Long Description <Account.Tickets.status> description,local
14,Feature_Mismatch,REC_dd2df8da-9092-474c-bb05-59bf265f411c,Feature Mismatch,null null,Services,Archive,383,"12/28/2016,1:39 PM",9,alert,CDV Features were found in the biller but not in the switch,int
